song_title,artist,release_date,bpm,energy,dance,loud,valence,length,acoustic,pop,rnd
Blitzkrieg Bop - 2016 Remastered Version,Ramones,4/26/76,177,78,39,-3,90,2:14,0,38,723
Beat On The Brat - 2016 Remastered,Ramones,4/26/76,157,88,48,-1,96,2:32,0,37,7488
Judy Is A Punk,Ramones,4/26/76,180,87,23,-1,72,1:32,8,37,4408
I Wanna Be Your Boyfriend,Ramones,4/26/76,134,84,50,-3,68,2:24,0,36,4445
Chain Saw,Ramones,4/26/76,183,94,29,-2,71,1:56,1,34,5737
Now I Wanna Sniff Some Glue,Ramones,4/26/76,177,68,22,-3,71,1:36,0,34,8800
I Don't Wanna Go Down To The Basement,Ramones,4/26/76,179,81,23,-4,82,2:41,0,34,6366
Loudmouth,Ramones,4/26/76,178,90,18,-4,76,2:15,0,33,199
Havana Affair,Ramones,4/26/76,177,90,28,-2,71,1:57,0,34,3114
Listen To My Heart,Ramones,4/26/76,179,90,30,-2,83,1:59,0,33,2900
53rd & 3rd,Ramones,4/26/76,135,88,40,-1,86,2:21,0,33,8647
Let's Dance,Ramones,4/26/76,183,72,32,-3,84,1:52,0,32,906
I Don't Wanna Walk Around With You,Ramones,4/26/76,179,93,31,-1,70,1:43,1,31,7275
"Today Your Love, Tomorrow The World",Ramones,4/26/76,180,92,12,-3,35,2:13,0,33,8124
Glad To See You Go - Remastered,Ramones,1/10/77,190,93,40,-4,91,2:14,0,27,5731
Gimme Gimme Shock Treatment - Remastered,Ramones,1/10/77,189,97,37,-3,81,1:45,0,28,8499
I Remember You - Remastered,Ramones,1/10/77,144,81,59,-6,81,2:21,5,27,5514
Oh Oh I Love Her So - Remastered,Ramones,1/10/77,181,87,48,-3,89,2:09,4,28,4907
Carbona Not Glue - Remastered,Ramones,1/10/77,90,88,54,-4,70,1:55,0,26,1444
Suzy Is A Headbanger - Remastered,Ramones,1/10/77,186,85,44,-5,82,2:14,0,27,4962
Pinhead - Remastered,Ramones,1/10/77,89,84,61,-5,98,2:44,0,28,7550
Now I Wanna Be A Good Boy - Remastered,Ramones,1/10/77,89,76,61,-4,96,2:17,0,25,2022
Swallow My Pride - Remastered,Ramones,1/10/77,163,82,41,-4,69,2:10,0,26,6971
What's Your Game - Remastered,Ramones,1/10/77,138,78,58,-4,65,2:42,1,24,1791
California Sun - Remastered,Ramones,1/10/77,189,86,43,-3,55,2:08,0,29,424
Commando - Remastered,Ramones,1/10/77,187,88,45,-5,86,1:54,0,28,7508
You're Gonna Kill That Girl - Remastered,Ramones,1/10/77,185,87,43,-4,58,2:44,2,27,7865
You Should Have Never Opened That Door - Remastered,Ramones,1/10/77,184,94,45,-5,29,1:58,0,23,6427
Cretin Hop - Remastered,Ramones,11/4/77,185,95,38,-2,87,1:56,0,30,3055
Rockaway Beach - Remastered,Ramones,11/4/77,187,92,43,-2,90,2:06,0,32,9100
"Here Today, Gone Tomorrow - Remastered",Ramones,11/4/77,119,87,50,-2,26,2:50,7,28,7127
Locket Love - Remastered,Ramones,11/4/77,183,87,41,-3,97,2:11,0,27,3759
I Don't Care - Remastered,Ramones,11/4/77,136,87,51,-3,82,1:39,3,28,7761
Sheena Is A Punk Rocker - Remastered,Ramones,11/4/77,176,97,42,-2,85,2:50,10,31,2235
We're A Happy Family - Remastered,Ramones,11/4/77,185,97,38,-3,96,2:40,0,27,7204
Teenage Lobotomy - Remastered,Ramones,11/4/77,185,85,49,-2,97,2:01,0,29,9036
Do You Wanna Dance? - Remastered,Ramones,11/4/77,182,89,37,-2,92,1:56,0,29,6592
I Wanna Be Well - Remastered,Ramones,11/4/77,131,94,61,-1,94,2:28,1,26,2575
I Can't Give You Anything - Remastered,Ramones,11/4/77,185,95,42,-4,95,2:01,0,25,5591
Ramona - Remastered,Ramones,11/4/77,142,91,51,-2,83,2:38,2,27,7637
Surfin' Bird - Remastered,Ramones,11/4/77,194,98,44,-2,87,2:38,9,29,7563
Why Is It Always This Way? - Remastered,Ramones,11/4/77,187,88,43,-4,93,2:20,0,24,1226
I Just Want To Have Something To Do - Remastered,Ramones,1978,137,93,48,-2,41,2:42,1,28,2962
I Wanted Everything - Remastered,Ramones,1978,183,97,36,-3,92,3:20,1,20,5668
Don't Come Close - Remastered,Ramones,1978,157,90,60,-3,95,2:45,15,21,2985
I Don't Want You - Remastered,Ramones,1978,142,96,51,-3,64,2:27,2,18,9822
Needles And Pins - Remastered,Ramones,1978,119,94,73,-3,96,2:22,1,29,9601
I'm Against It - Remastered,Ramones,1978,200,98,33,-2,97,2:09,0,41,3206
I Wanna Be Sedated - Remastered,Ramones,1978,163,97,56,-2,96,2:30,12,58,6
Go Mental - Remastered,Ramones,1978,190,96,31,-3,87,2:43,0,19,4824
Questioningly - Remastered,Ramones,1978,122,84,62,-3,74,3:23,2,19,994
She's The One - Remastered,Ramones,1978,188,97,35,-2,92,2:14,1,25,3076
Bad Brain - Remastered,Ramones,1978,103,91,57,-2,96,2:25,0,18,5499
It's A Long Way Back - Remastered,Ramones,1978,136,95,50,-2,79,2:22,0,16,3947
Do You Remember Rock And Roll Radio,Ramones,2/4/80,152,96,30,-6,66,3:49,45,47,2433
I'm Affected - Remastered,Ramones,2/4/80,143,88,44,-6,68,2:53,16,28,7052
Danny Says - Remastered,Ramones,2/4/80,120,63,59,-9,58,3:05,61,33,4620
Chinese Rock - Remastered,Ramones,2/4/80,156,98,31,-4,37,2:28,4,41,7706
The Return Of Jackie And Judy - Remastered Version,Ramones,2/4/80,160,99,36,-6,50,3:12,2,27,9735
Let's Go - Remastered,Ramones,2/4/80,184,94,29,-7,63,2:37,0,28,4296
"Baby, I Love You",Ramones,2/4/80,108,65,74,-6,93,3:45,20,58,6070
I Can't Make It On Time - Remastered,Ramones,2/4/80,153,95,46,-7,74,2:33,1,28,3173
This Ain't Havana - Remastered,Ramones,2/4/80,199,98,34,-6,79,2:19,1,26,206
Rock 'N' Roll High School - Remastered,Ramones,2/4/80,189,87,50,-4,89,2:17,2,53,6349
All The Way - Remastered,Ramones,2/4/80,199,98,20,-3,28,2:29,1,25,9736
High Risk Insurance - Remastered,Ramones,2/4/80,197,99,26,-4,28,2:09,2,23,8559
We Want The Airwaves - Remastered,Ramones,7/20/81,143,98,44,-4,51,3:22,2,20,2003
All's Quiet On The Eastern Front - Remastered,Ramones,7/20/81,190,96,49,-5,86,2:13,15,14,2864
The KKK Took My Baby Away - Remastered,Ramones,7/20/81,152,93,54,-4,52,2:31,52,24,1120
Don't Go - Remastered,Ramones,7/20/81,144,93,55,-5,74,2:46,36,17,8138
You Sound Like Your Sick - Remastered,Ramones,7/20/81,207,93,33,-5,76,2:41,1,15,8680
It's Not My Place (In The 9 To 5 World) - Remastered,Ramones,7/20/81,108,90,51,-6,63,3:23,27,15,4918
She's A Sensation - Remastered,Ramones,7/20/81,154,88,46,-5,72,3:26,5,18,4184
7-11 - Remastered,Ramones,7/20/81,132,81,57,-7,61,3:34,15,16,1739
You Didn't Mean Anything To Me - Remastered Version,Ramones,7/20/81,98,93,44,-6,37,3:00,3,13,5787
Come On Now - Remastered,Ramones,7/20/81,173,93,31,-4,77,2:32,13,12,3754
This Business Is Killing Me - Remastered,Ramones,7/20/81,153,93,50,-5,81,2:40,33,12,3646
Sitting In My Room - Remastered,Ramones,7/20/81,89,91,47,-6,74,2:32,3,12,4929
Little Bit O' Soul - Remastered,Ramones,1983,144,74,54,-9,70,2:43,0,19,9551
I Need Your Love - Remastered,Ramones,1983,153,79,47,-8,59,3:08,2,13,1937
Outsider - Remastered,Ramones,1983,198,93,22,-7,48,2:10,0,16,9003
What'd Ya Do? - Remastered,Ramones,1983,148,96,40,-7,36,2:24,0,11,5535
Highest Trails Above - Remastered,Ramones,1983,97,93,45,-7,71,2:09,0,10,1257
Somebody Like Me - Remastered,Ramones,1983,150,92,43,-8,67,2:32,0,12,8965
Psycho Therapy - Remastered,Ramones,1983,95,96,47,-7,35,2:35,0,18,7002
Time Has Come Today - Remastered,Ramones,1983,122,75,58,-9,24,4:25,0,15,2119
My My Kind Of Girl - Remastered,Ramones,1983,119,75,53,-9,60,3:32,0,12,1434
In The Park - Remastered,Ramones,1983,195,92,31,-8,69,2:37,0,11,5946
Time Bomb - Remastered,Ramones,1983,173,91,34,-7,85,2:10,3,12,6336
Everytime I Eat Vegetables It Makes Me Think Of You - Remastered,Ramones,1983,77,89,44,-8,56,3:07,1,13,742
Mama's Boy - Remastered,Ramones,10/1/84,148,96,46,-9,60,2:10,0,15,7194
I'm Not Afraid Of Life - Remastered,Ramones,10/1/84,125,84,53,-8,54,3:13,0,13,4673
Too Tough To Die - Remastered,Ramones,10/1/84,160,95,47,-8,61,2:38,0,31,6329
Durango 95 - Remastered,Ramones,10/1/84,195,94,24,-9,96,0:55,0,13,1236
Wart Hog - Remastered,Ramones,10/1/84,104,97,50,-5,89,1:55,0,18,1195
Danger Zone - Remastered,Ramones,10/1/84,106,91,59,-8,44,2:08,0,13,4144
Chasing The Night - Remastered,Ramones,10/1/84,114,90,58,-7,92,4:28,0,15,4964
Howling At The Moon (Sha-La-La),Ramones,10/1/84,174,96,54,-6,53,4:07,3,20,5062
Daytime Dilemma - Dangers Of Love (Remastered),Ramones,10/1/84,163,92,24,-8,67,4:32,0,14,4162
Planet Earth 1988 - Remastered,Ramones,10/1/84,125,84,60,-8,50,2:55,0,12,3688
Human Kind - Remastered,Ramones,10/1/84,103,91,61,-8,56,2:43,0,10,5654
Endless Vacation - Remastered,Ramones,10/1/84,166,96,27,-7,34,1:48,0,13,2896
No Go - Remastered,Ramones,10/1/84,109,90,55,-8,82,3:03,0,11,7175
Somebody Put Something In My Drink,Ramones,1986,161,93,49,-10,40,3:20,10,23,1282
Animal Boy,Ramones,1986,160,95,37,-11,52,1:52,1,17,8733
Love Kills,Ramones,1986,97,80,58,-13,70,2:21,0,17,1432
Apeman Hop,Ramones,1986,93,74,48,-14,52,2:04,0,13,7608
She Belongs To Me,Ramones,1986,106,53,63,-13,39,3:55,11,15,3192
Crummy Stuff,Ramones,1986,160,89,49,-12,56,2:06,33,14,2814
Bonzo Goes To Bitburg,Ramones,1986,175,85,41,-12,50,3:53,30,44,9932
Mental Hell,Ramones,1986,122,86,47,-13,46,2:40,1,18,1191
Eat That Rat,Ramones,1986,166,95,40,-13,25,1:39,1,14,3559
Freak Of Nature,Ramones,1986,181,86,42,-13,47,1:34,1,14,9588
Hair Of The Dog,Ramones,1986,158,72,39,-13,81,2:21,6,14,8485
Something To Believe In,Ramones,1986,178,85,38,-13,47,4:07,4,21,9314
I Wanna Live,Ramones,1987,157,83,42,-10,69,2:38,33,28,65
Bop 'Til You Drop,Ramones,1987,171,90,41,-11,56,2:12,0,19,7797
Garden Of Serenity,Ramones,1987,152,55,46,-12,58,2:27,1,18,1065
Weasal Face,Ramones,1987,100,95,50,-10,40,1:51,1,13,1841
Go Lil Camaro Go,Ramones,1987,174,71,44,-11,73,2:03,1,14,5323
I Know Better Now,Ramones,1987,97,90,47,-11,55,2:39,0,13,97
Death Of Me,Ramones,1987,134,89,63,-12,57,2:40,1,14,7354
I Lost My Mind,Ramones,1987,195,88,32,-10,83,1:34,0,13,535
A Real Cool Time,Ramones,1987,150,78,53,-11,88,2:39,6,16,9250
I'm Not Jesus,Ramones,1987,184,95,26,-12,19,2:56,0,12,1453
Bye Bye Baby,Ramones,1987,119,46,57,-14,54,4:35,6,14,7264
Worm Man,Ramones,1987,139,88,33,-11,26,1:53,0,10,5706
I Believe In Miracles,Ramones,1989,140,80,45,-12,73,3:19,0,30,5867
Zero Zero UFO,Ramones,1989,119,79,48,-13,66,2:25,0,19,7425
Don't Bust My Chops,Ramones,1989,151,71,50,-12,85,2:28,0,18,105
Punishment Fits The Crime,Ramones,1989,124,70,55,-13,77,3:05,4,18,3937
All Screwed Up,Ramones,1989,152,80,51,-13,79,4:00,2,17,8868
Palisades Park,Ramones,1989,105,83,38,-12,53,2:22,0,24,3606
Pet Sematary,Ramones,1989,148,83,47,-13,66,3:30,0,46,9877
Learn To Listen,Ramones,1989,89,77,41,-12,65,1:51,0,17,4197
Can't Get You Outta My Mind,Ramones,1989,140,78,44,-14,59,3:22,0,19,1347
Ignorance Is Bliss,Ramones,1989,162,93,27,-12,34,2:38,0,19,2535
"Come Back, Baby",Ramones,1989,145,73,47,-14,90,4:02,0,17,9843
Merry Christmas (I Don't Wanna Fight Tonight) - Single Version,Ramones,1989,152,94,48,-6,82,2:04,4,35,4330
Censorshit,Ramones,1/1/92,162,99,42,-5,35,3:12,0,19,258
The Job That Ate My Brain,Ramones,1/1/92,99,99,56,-5,38,2:18,1,17,7002
Poison Heart,Ramones,1/1/92,149,96,55,-6,70,4:04,0,31,9924
Anxiety,Ramones,1/1/92,124,97,60,-5,74,2:04,0,17,646
Strength To Endure,Ramones,1/1/92,151,93,52,-6,92,2:59,0,24,3405
It's Gonna Be Alright,Ramones,1/1/92,165,97,41,-6,67,3:20,0,17,1433
Take It As It Comes,Ramones,1/1/92,169,95,32,-6,60,2:08,0,16,1352
Main Man,Ramones,1/1/92,159,99,38,-5,72,3:28,0,15,6999
Tomorrow She Goes Away,Ramones,1/1/92,194,99,36,-5,35,2:42,0,18,6370
I Won't Let It Happen,Ramones,1/1/92,121,92,65,-6,65,2:21,0,14,5186
Cabbies On Crack,Ramones,1/1/92,148,98,47,-5,56,3:00,0,14,9118
Heidi Is A Headcase,Ramones,1/1/92,164,99,39,-5,11,2:47,0,16,2149
Touring,Ramones,1/1/92,185,96,45,-5,80,2:52,16,14,6081
I Don't Want To Grow Up,Ramones,1/1/95,91,92,53,-5,55,2:45,0,35,7223
Makin Monsters For My Friends,Ramones,1/1/95,163,85,48,-6,75,2:36,0,23,5548
It's Not For Me To Know,Ramones,1/1/95,144,96,51,-5,66,2:52,0,20,129
The Crusher,Ramones,1/1/95,107,88,68,-5,88,2:27,0,25,3540
Life's A Gas,Ramones,1/1/95,140,95,44,-6,67,3:34,0,24,3147
Take The Pain Away,Ramones,1/1/95,172,94,37,-5,59,2:43,0,17,299
I Love You,Ramones,1/1/95,135,95,32,-7,52,2:21,0,17,9074
Cretin Family,Ramones,1/1/95,101,91,69,-4,74,2:10,0,19,4055
Have A Nice Day,Ramones,1/1/95,128,85,57,-5,94,1:39,0,16,3724
Scattergun,Ramones,1/1/95,155,90,46,-6,79,2:31,0,17,5199
Got Alot To Say,Ramones,1/1/95,96,98,49,-5,41,1:42,0,15,6616
She Talks To Rainbows,Ramones,1/1/95,127,84,58,-6,22,3:15,0,23,3149
Born To Die In Berlin,Ramones,1/1/95,132,97,53,-5,57,3:32,0,17,2130
Come Together - Remastered 2009,The Beatles,9/26/69,165,38,53,-12,19,4:20,3,78,3681
Something - Remastered 2009,The Beatles,9/26/69,134,34,40,-11,38,3:02,20,69,2845
Maxwell's Silver Hammer - Remastered 2009,The Beatles,9/26/69,131,43,76,-11,73,3:28,63,58,687
Oh! Darling - Remastered 2009,The Beatles,9/26/69,174,66,42,-8,55,3:27,1,65,2688
Octopus's Garden - Remastered 2009,The Beatles,9/26/69,92,51,63,-9,73,2:51,16,60,3169
I Want You (She's So Heavy) - Remastered 2009,The Beatles,9/26/69,116,52,37,-9,42,7:47,2,61,5693
Here Comes The Sun - Remastered 2009,The Beatles,9/26/69,129,54,56,-10,39,3:06,3,81,4290
Because - Remastered 2009,The Beatles,9/26/69,81,25,33,-12,16,2:46,75,59,2946
You Never Give Me Your Money - Remastered 2009,The Beatles,9/26/69,174,42,34,-11,22,4:03,35,58,7145
Sun King - Remastered 2009,The Beatles,9/26/69,75,18,48,-18,19,2:26,28,56,700
Mean Mr Mustard - Remastered 2009,The Beatles,9/26/69,101,60,68,-9,97,1:07,7,55,8812
Polythene Pam - Remastered 2009,The Beatles,9/26/69,167,94,47,-9,50,1:13,0,55,1391
She Came In Through The Bathroom Window - Remastered 2009,The Beatles,9/26/69,81,72,53,-9,69,1:59,0,57,4789
Golden Slumbers - Remastered 2009,The Beatles,9/26/69,81,15,42,-12,24,1:32,33,63,5086
Carry That Weight - Remastered 2009,The Beatles,9/26/69,84,46,54,-9,70,1:36,23,58,5066
The End - Remastered 2009,The Beatles,9/26/69,123,49,65,-10,22,2:22,0,57,5401
Her Majesty - Remastered 2009,The Beatles,9/26/69,101,22,70,-23,52,0:26,73,22,3204
Back In The U.S.S.R. - Remastered 2009,The Beatles,11/22/68,142,97,48,-7,49,2:43,7,62,459
Dear Prudence - Remastered 2009,The Beatles,11/22/68,151,53,39,-11,33,3:56,16,58,468
Glass Onion - Remastered 2009,The Beatles,11/22/68,120,51,52,-10,79,2:18,1,53,4383
"Ob-La-Di, Ob-La-Da - Remastered 2009",The Beatles,11/22/68,113,73,82,-8,98,3:09,23,66,8561
Wild Honey Pie - Remastered 2009,The Beatles,11/22/68,90,76,79,-11,15,0:53,43,49,2976
The Continuing Story Of Bungalow Bill - Remastered 2009,The Beatles,11/22/68,115,46,62,-10,65,3:14,22,51,8186
While My Guitar Gently Weeps - Remastered 2009,The Beatles,11/22/68,115,65,45,-9,70,4:45,2,68,6152
Happiness Is A Warm Gun - Remastered 2009,The Beatles,11/22/68,139,54,43,-10,44,2:45,52,57,4306
Martha My Dear - Remastered 2009,The Beatles,11/22/68,178,29,47,-12,82,2:29,87,54,4673
I'm So Tired - Remastered 2009,The Beatles,11/22/68,68,48,43,-9,72,2:03,66,55,2597
Blackbird - Remastered 2009,The Beatles,11/22/68,94,13,69,-14,37,2:18,75,72,7631
Piggies - Remastered 2009,The Beatles,11/22/68,93,45,54,-9,52,2:04,64,50,4327
Rocky Raccoon - Remastered 2009,The Beatles,11/22/68,79,36,60,-12,65,3:33,33,57,4042
Don't Pass Me By - Remastered 2009,The Beatles,11/22/68,85,54,60,-10,95,3:50,59,51,3744
Why Don't We Do It In The Road? - Remastered 2009,The Beatles,11/22/68,188,52,59,-9,96,1:41,53,51,9116
I Will - Remastered 2009,The Beatles,11/22/68,103,39,63,-12,83,1:46,74,57,1206
Julia - Remastered 2009,The Beatles,11/22/68,135,10,51,-16,19,2:57,83,57,7848
Birthday - Remastered 2009,The Beatles,11/22/68,139,73,54,-8,91,2:43,0,52,1567
Yer Blues - Remastered 2009,The Beatles,11/22/68,152,53,33,-10,44,4:00,0,51,6637
Mother Nature's Son - Remastered 2009,The Beatles,11/22/68,85,18,61,-17,40,2:48,63,52,413
Everybody's Got Something To Hide Except Me And My Monkey - Remastered 2009,The Beatles,11/22/68,117,73,52,-9,81,2:25,2,49,1419
Sexy Sadie - Remastered 2009,The Beatles,11/22/68,75,62,58,-10,67,3:15,33,52,877
Helter Skelter - Remastered 2009,The Beatles,11/22/68,168,83,17,-8,28,4:30,0,59,162
"Long, Long, Long - Remastered 2009",The Beatles,11/22/68,105,13,35,-16,16,3:06,54,50,2218
Revolution 1 - Remastered 2009,The Beatles,11/22/68,98,63,39,-9,70,4:16,8,52,4659
Honey Pie - Remastered 2009,The Beatles,11/22/68,144,30,54,-15,55,2:41,88,49,5226
Savoy Truffle - Remastered 2009,The Beatles,11/22/68,121,54,62,-11,79,2:54,1,48,4196
Cry Baby Cry - Remastered 2009,The Beatles,11/22/68,77,53,52,-12,36,3:02,12,49,6637
Revolution 9 - Remastered 2009,The Beatles,11/22/68,91,62,21,-15,10,8:22,77,46,1193
Good Night - Remastered 2009,The Beatles,11/22/68,146,36,15,-15,18,3:14,87,47,2361
A Hard Day's Night - Remastered 2009,The Beatles,7/10/64,139,81,59,-6,80,2:34,14,68,3398
I Should Have Known Better - Remastered 2009,The Beatles,7/10/64,131,44,68,-8,91,2:43,26,61,7635
If I Fell - Remastered 2009,The Beatles,7/10/64,108,31,67,-9,57,2:19,68,62,945
I'm Happy Just To Dance With You - Remastered 2009,The Beatles,7/10/64,132,54,66,-8,89,1:56,14,57,8826
And I Love Her - Remastered 2009,The Beatles,7/10/64,113,33,77,-11,64,2:30,64,65,9502
Tell Me Why - Remastered 2009,The Beatles,7/10/64,151,69,27,-6,80,2:09,59,49,3589
Can't Buy Me Love - Remastered 2009,The Beatles,7/10/64,171,68,48,-6,84,2:12,28,64,6831
Any Time At All - Remastered 2009,The Beatles,7/10/64,141,72,61,-7,74,2:11,37,48,9616
I'll Cry Instead - Remastered 2009,The Beatles,7/10/64,97,73,64,-7,96,1:46,9,46,5328
Things We Said Today - Remastered 2009,The Beatles,7/10/64,137,57,55,-8,52,2:35,24,57,7736
When I Get Home - Remastered 2009,The Beatles,7/10/64,125,79,57,-6,64,2:17,38,45,8019
You Can't Do That - Remastered 2009,The Beatles,7/10/64,129,79,61,-6,96,2:35,37,47,2518
I'll Be Back - Remastered 2009,The Beatles,7/10/64,124,53,72,-7,64,2:24,74,50,6269
Help! - Remastered 2009,The Beatles,8/6/65,95,73,53,-8,76,2:20,19,71,5955
The Night Before - Remastered 2009,The Beatles,8/6/65,84,76,46,-7,63,2:35,5,57,1472
You've Got To Hide Your Love Away - Remastered 2009,The Beatles,8/6/65,184,39,40,-9,38,2:09,21,64,9276
I Need You - Remastered 2009,The Beatles,8/6/65,136,49,60,-9,64,2:29,28,53,7164
Another Girl - Remastered 2009,The Beatles,8/6/65,89,64,52,-7,82,2:05,24,49,2577
You're Going To Lose That Girl - Remastered 2009,The Beatles,8/6/65,132,66,53,-8,82,2:19,35,59,1384
Ticket To Ride - Remastered 2009,The Beatles,8/6/65,123,85,52,-7,75,3:10,5,65,4800
Act Naturally - Remastered 2009,The Beatles,8/6/65,93,45,70,-10,94,2:30,37,48,1337
It's Only Love - Remastered 2009,The Beatles,8/6/65,113,55,63,-8,69,1:56,22,51,4499
You Like Me Too Much - Remastered 2009,The Beatles,8/6/65,88,57,56,-8,90,2:37,42,47,7769
Tell Me What You See - Remastered 2009,The Beatles,8/6/65,137,80,59,-8,70,2:38,6,47,912
I've Just Seen A Face - Remastered 2009,The Beatles,8/6/65,120,56,65,-9,91,2:05,72,61,3857
Yesterday - Remastered 2009,The Beatles,8/6/65,97,18,33,-12,32,2:06,88,74,2903
Dizzy Miss Lizzy - Remastered 2009,The Beatles,8/6/65,136,93,37,-7,92,2:57,12,47,8371
Two Of Us - Remastered 2009,The Beatles,5/8/70,109,70,73,-11,93,3:37,10,53,295
Dig A Pony - Remastered 2009,The Beatles,5/8/70,59,48,54,-9,53,3:55,47,50,2480
Across The Universe - Remastered 2009,The Beatles,5/8/70,152,41,26,-12,86,3:48,36,64,4461
I Me Mine - Remastered 2009,The Beatles,5/8/70,185,64,29,-8,53,2:26,18,51,5551
Dig It - Remastered 2009,The Beatles,5/8/70,157,49,54,-12,67,0:50,66,46,9129
Let It Be - Remastered 2009,The Beatles,5/8/70,143,40,44,-8,41,4:03,63,78,8350
Maggie Mae - Remastered 2009,The Beatles,5/8/70,169,52,52,-12,52,0:40,38,48,9160
I've Got A Feeling - Remastered 2009,The Beatles,5/8/70,165,61,44,-9,36,3:38,7,53,5212
One After 909 - Remastered 2009,The Beatles,5/8/70,91,83,55,-6,89,2:54,3,48,9713
The Long And Winding Road - Remastered 2009,The Beatles,5/8/70,132,33,30,-10,39,3:38,76,60,8832
For You Blue - Remastered 2009,The Beatles,5/8/70,129,56,88,-11,96,2:32,24,48,135
Get Back - Remastered 2009,The Beatles,5/8/70,123,59,76,-10,33,3:09,49,64,8769
Magical Mystery Tour - Remastered 2009,The Beatles,11/27/67,171,61,30,-9,34,2:50,4,52,3958
The Fool On The Hill - Remastered 2009,The Beatles,11/27/67,144,26,36,-11,49,2:59,91,56,8827
Flying - Remastered 2009,The Beatles,11/27/67,93,40,55,-15,26,2:16,37,50,1974
Blue Jay Way - Remastered 2009,The Beatles,11/27/67,101,41,29,-12,4,3:55,3,50,5597
Your Mother Should Know - Remastered 2009,The Beatles,11/27/67,118,29,70,-11,72,2:28,78,53,9017
I Am The Walrus - Remastered 2009,The Beatles,11/27/67,85,56,40,-11,65,4:36,8,63,621
"Hello, Goodbye - Remastered 2009",The Beatles,11/27/67,99,73,48,-9,81,3:29,31,64,8134
Strawberry Fields Forever - Remastered 2009,The Beatles,11/27/67,98,50,39,-12,29,4:07,34,67,692
Penny Lane - Remastered 2009,The Beatles,11/27/67,113,49,65,-8,49,3:01,21,54,7716
"Baby, You're A Rich Man - Remastered 2009",The Beatles,11/27/67,97,63,62,-10,47,3:01,1,57,3265
All You Need Is Love - Remastered 2009,The Beatles,11/27/67,103,48,40,-8,65,3:50,35,65,7289
I Saw Her Standing There - Remastered 2009,The Beatles,3/22/63,160,80,49,-10,97,2:54,27,69,9954
Misery - Remastered 2009,The Beatles,3/22/63,133,61,59,-11,88,1:49,71,50,7369
Anna (Go To Him) - Remastered 2009,The Beatles,3/22/63,109,56,61,-11,84,2:57,64,58,8664
Chains - Remastered 2009,The Beatles,3/22/63,130,56,65,-11,93,2:25,61,47,3914
Boys - Remastered 2009,The Beatles,3/22/63,142,86,40,-10,82,2:26,61,49,7073
Ask Me Why - Remastered 2009,The Beatles,3/22/63,134,39,61,-11,60,2:27,77,49,5144
Please Please Me - Remastered 2009,The Beatles,3/22/63,139,48,53,-10,71,2:01,33,60,9247
Love Me Do - Remastered 2009,The Beatles,3/22/63,148,83,52,-6,74,2:22,39,67,2606
P.S. I Love You - Remastered 2009,The Beatles,3/22/63,134,66,64,-8,77,2:04,39,50,8332
Baby It's You - Remastered 2009,The Beatles,3/22/63,112,49,61,-12,88,2:41,78,58,4334
Do You Want To Know A Secret - Remastered 2009,The Beatles,3/22/63,124,35,67,-12,61,1:57,61,60,9636
A Taste Of Honey - Remastered 2009,The Beatles,3/22/63,101,37,42,-11,41,2:03,70,47,6350
There's A Place - Remastered 2009,The Beatles,3/22/63,141,58,46,-10,93,1:50,63,47,2930
Twist And Shout - Remastered 2009,The Beatles,3/22/63,125,85,48,-9,94,2:35,64,75,7393
Taxman - Remastered 2009,The Beatles,8/5/66,134,60,47,-8,78,2:39,1,60,4955
Eleanor Rigby - Remastered 2009,The Beatles,8/5/66,138,28,58,-9,81,2:07,94,67,2778
I'm Only Sleeping - Remastered 2009,The Beatles,8/5/66,103,47,49,-10,70,3:00,21,60,9366
Love You To - Remastered 2009,The Beatles,8/5/66,124,59,39,-9,71,3:00,70,53,6182
"Here, There And Everywhere - Remastered 2009",The Beatles,8/5/66,165,25,29,-12,36,2:25,92,60,9986
Yellow Submarine - Remastered 2009,The Beatles,8/5/66,111,55,60,-10,70,2:39,53,64,5170
She Said She Said - Remastered 2009,The Beatles,8/5/66,106,68,33,-8,67,2:36,10,54,4106
Good Day Sunshine - Remastered 2009,The Beatles,8/5/66,117,50,77,-8,57,2:09,72,58,955
And Your Bird Can Sing - Remastered 2009,The Beatles,8/5/66,133,65,56,-7,97,2:00,1,58,4548
For No One - Remastered 2009,The Beatles,8/5/66,81,35,48,-10,71,2:00,78,62,6873
Doctor Robert - Remastered 2009,The Beatles,8/5/66,165,64,39,-9,57,2:14,16,50,4371
I Want To Tell You - Remastered 2009,The Beatles,8/5/66,127,53,49,-9,45,2:28,18,51,9294
Got To Get You Into My Life - Remastered 2009,The Beatles,8/5/66,137,52,52,-6,71,2:29,42,59,1131
Tomorrow Never Knows - Remastered 2009,The Beatles,8/5/66,126,83,38,-6,5,3:00,0,57,7586
Drive My Car - Remastered 2009,The Beatles,12/3/65,122,57,75,-9,82,2:29,2,64,4702
Norwegian Wood (This Bird Has Flown) - Remastered 2009,The Beatles,12/3/65,177,37,43,-12,65,2:05,18,67,1900
You Won't See Me - Remastered 2009,The Beatles,12/3/65,116,54,49,-9,47,3:20,14,58,8586
Nowhere Man - Remastered 2009,The Beatles,12/3/65,121,62,53,-10,69,2:44,1,61,4429
Think For Yourself - Remastered 2009,The Beatles,12/3/65,131,57,53,-10,80,2:19,1,52,9347
The Word - Remastered 2009,The Beatles,12/3/65,121,64,59,-10,79,2:43,1,51,9113
Michelle - Remastered 2009,The Beatles,12/3/65,117,29,58,-13,67,2:42,65,66,7341
What Goes On - Remastered 2009,The Beatles,12/3/65,97,78,67,-10,77,2:49,2,50,2879
Girl - Remastered 2009,The Beatles,12/3/65,97,29,70,-13,89,2:32,59,61,2756
I'm Looking Through You - Remastered 2009,The Beatles,12/3/65,86,50,67,-11,77,2:26,1,60,5964
In My Life - Remastered 2009,The Beatles,12/3/65,103,44,69,-11,44,2:26,45,71,6096
Wait - Remastered 2009,The Beatles,12/3/65,127,49,55,-11,66,2:15,2,51,1215
If I Needed Someone - Remastered 2009,The Beatles,12/3/65,127,76,49,-9,80,2:22,1,52,2058
Run For Your Life - Remastered 2009,The Beatles,12/3/65,177,71,56,-9,82,2:21,1,57,8733
Sgt. Pepper's Lonely Hearts Club Band - Remastered 2009,The Beatles,6/1/67,96,67,45,-9,58,2:03,9,66,1349
With A Little Help From My Friends - Remastered 2009,The Beatles,6/1/67,112,52,71,-9,80,2:44,37,66,1529
Lucy In The Sky With Diamonds - Remastered 2009,The Beatles,6/1/67,65,33,31,-9,67,3:28,5,68,491
Getting Better - Remastered 2009,The Beatles,6/1/67,122,47,63,-8,76,2:48,31,53,8854
Fixing A Hole - Remastered 2009,The Beatles,6/1/67,113,51,47,-9,62,2:37,38,58,9575
She's Leaving Home - Remastered 2009,The Beatles,6/1/67,128,21,38,-12,39,3:35,94,63,7916
Being For The Benefit Of Mr. Kite! - Remastered 2009,The Beatles,6/1/67,112,41,53,-10,71,2:38,34,51,9891
Within You Without You - Remastered 2009,The Beatles,6/1/67,126,48,35,-10,35,5:05,34,58,7481
When I'm Sixty Four - Remastered 2009,The Beatles,6/1/67,140,24,70,-13,66,2:38,63,62,1486
Lovely Rita - Remastered 2009,The Beatles,6/1/67,87,47,61,-9,63,2:42,6,53,313
Good Morning Good Morning - Remastered 2009,The Beatles,6/1/67,122,62,54,-9,93,2:41,9,50,8867
Sgt. Pepper's Lonely Hearts Club Band - Reprise / Remastered 2009,The Beatles,6/1/67,119,89,65,-8,88,1:19,1,53,6472
A Day In The Life - Remastered 2009,The Beatles,6/1/67,163,46,36,-14,18,5:37,29,65,3011
It Won't Be Long - Remastered 2009,The Beatles,11/22/63,133,67,47,-9,86,2:13,28,58,7549
All I've Got To Do - Remastered 2009,The Beatles,11/22/63,119,58,49,-10,88,2:03,22,57,9628
All My Loving - Remastered 2009,The Beatles,11/22/63,78,56,42,-9,90,2:08,21,64,996
Don't Bother Me - Remastered 2009,The Beatles,11/22/63,170,72,37,-10,92,2:28,55,56,460
Little Child - Remastered 2009,The Beatles,11/22/63,76,86,53,-9,89,1:46,29,44,2638
Till There Was You - Remastered 2009,The Beatles,11/22/63,122,34,73,-14,65,2:14,79,63,7127
Hold Me Tight - Remastered 2009,The Beatles,11/22/63,136,74,54,-10,96,2:32,66,48,8361
I Wanna Be Your Man - Remastered 2009,The Beatles,11/22/63,99,91,55,-8,68,2:00,48,47,8698
Not A Second Time - Remastered 2009,The Beatles,11/22/63,125,82,47,-10,96,2:07,21,46,4310